{
  "project_info": {
    "project_number": "939190403639",
    "project_id": "electricitybillcalculato-e7795",
    "storage_bucket": "electricitybillcalculato-e7795.firebasestorage.app"
  },
  "client": [
    {
      "client_info": {
        "mobilesdk_app_id": "1:939190403639:android:4af6129a223f77e39435b2",
        "android_client_info": {
          "package_name": "com.example.electricitybillcalculator"
        }
      },
      "oauth_client": [],
      "api_key": [
        {
          "current_key": "AIzaSyAzgONX8dxbW9BQC6A2GjKBdJAt3Pcbo8E"
        }
      ],
      "services": {
        "appinvite_service": {
          "other_platform_oauth_client": []
        }
      }
    }
  ],
  "configuration_version": "1"
}