{
  "project_info": {
    "project_number": "29377041739",
    "project_id": "hospital-finder-b6fa6",
    "storage_bucket": "hospital-finder-b6fa6.firebasestorage.app"
  },
  "client": [
    {
      "client_info": {
        "mobilesdk_app_id": "1:29377041739:android:9ebdec2e6db96527b384ce",
        "android_client_info": {
          "package_name": "com.example.hospitalfinder"
        }
      },
      "oauth_client": [
        {
          "client_id": "29377041739-icgm4oo5b1jf2qkpmq2hkgtd60r68rdo.apps.googleusercontent.com",
          "client_type": 1,
          "android_info": {
            "package_name": "com.example.hospitalfinder",
            "certificate_hash": "81b7227b026b59a07587d42797cf3d564ed8a605"
          }
        },
        {
          "client_id": "29377041739-up9a9n5kjjcmvfunigcvkg5vi9gubcb4.apps.googleusercontent.com",
          "client_type": 3
        }
      ],
      "api_key": [
        {
          "current_key": "AIzaSyAIoV6TbBmUyKGNWNK2IOpA3giFRfhUj8c"
        }
      ],
      "services": {
        "appinvite_service": {
          "other_platform_oauth_client": [
            {
              "client_id": "29377041739-up9a9n5kjjcmvfunigcvkg5vi9gubcb4.apps.googleusercontent.com",
              "client_type": 3
            }
          ]
        }
      }
    }
  ],
  "configuration_version": "1"
}